CO_POSICAO,SG_AREA,CO_ITEM,TX_GABARITO,CO_HABILIDADE,IN_ITEM_ABAN,TX_MOTIVO_ABAN,NU_PARAM_A,NU_PARAM_B,NU_PARAM_C,TX_COR,CO_PROVA,TP_LINGUA,IN_ITEM_ADAPTADO,ano
1,LC,55166,B,7.0,0,,2.66039,0.6113,0.19627,Azul,511,0.0,0.0,2019
2,LC,54110,D,7.0,0,,2.82077,0.63692,0.16707,Azul,511,0.0,0.0,2019
3,LC,23564,A,6.0,0,,4.08473,0.41261,0.20536,Azul,511,0.0,0.0,2019
4,LC,31954,B,8.0,0,,2.02433,0.34872,0.20967,Azul,511,0.0,0.0,2019
5,LC,118180,E,5.0,0,,5.61439,0.49582,0.1457,Azul,511,0.0,0.0,2019
6,LC,86563,B,3.0,0,,0.92314,1.22467,0.09006,Azul,511,,0.0,2019
7,LC,118161,C,24.0,0,,1.77698,0.04697,0.05812,Azul,511,,0.0,2019
8,LC,118147,B,23.0,0,,1.41373,-0.17071,0.01187,Azul,511,,0.0,2019
9,LC,118118,A,9.0,0,,3.00154,0.66248,0.15753,Azul,511,,0.0,2019
10,LC,118215,A,2.0,0,,3.60176,0.95343,0.15078,Azul,511,,0.0,2019
11,LC,118207,D,11.0,0,,1.28486,0.98541,0.11899,Azul,511,,0.0,2019
12,LC,118170,D,23.0,0,,1.60663,0.41552,0.00227,Azul,511,,0.0,2019
13,LC,90165,B,15.0,0,,3.81799,0.97593,0.19228,Azul,511,,0.0,2019
14,LC,118232,E,16.0,0,,0.78671,1.66055,0.07838,Azul,511,,0.0,2019
15,LC,118174,C,19.0,0,,3.99087,0.86875,0.1868,Azul,511,,0.0,2019
16,LC,76167,D,1.0,0,,1.82086,0.2283,0.00715,Azul,511,,0.0,2019
17,LC,68624,A,30.0,0,,1.7516,-0.24965,0.17322,Azul,511,,0.0,2019
18,LC,96525,A,28.0,0,,3.89027,0.76252,0.11963,Azul,511,,0.0,2019
19,LC,89317,E,28.0,0,,3.23142,-0.1884,0.16189,Azul,511,,0.0,2019
20,LC,86496,C,30.0,0,,2.30147,0.21937,0.08452,Azul,511,,0.0,2019
21,LC,118256,D,17.0,0,,1.92141,1.54986,0.12387,Azul,511,,0.0,2019
22,LC,118306,A,16.0,0,,2.85223,1.042,0.12609,Azul,511,,0.0,2019
23,LC,118264,E,21.0,0,,1.88081,0.20842,0.03365,Azul,511,,0.0,2019
24,LC,89550,C,1.0,0,,3.10874,0.76811,0.16616,Azul,511,,0.0,2019
25,LC,14169,B,14.0,0,,3.00635,1.13504,0.10103,Azul,511,,0.0,2019
26,LC,118235,E,22.0,0,,1.44895,1.42761,0.14063,Azul,511,,0.0,2019
27,LC,118117,C,10.0,0,,2.52418,0.19306,0.22915,Azul,511,,0.0,2019
28,LC,118278,B,16.0,0,,2.48291,1.15452,0.08973,Azul,511,,0.0,2019
29,LC,59976,C,30.0,0,,3.49523,0.62543,0.17905,Azul,511,,0.0,2019
30,LC,23833,C,20.0,0,,3.34117,0.44968,0.20117,Azul,511,,0.0,2019
31,LC,81992,D,12.0,0,,3.58061,0.76482,0.09494,Azul,511,,0.0,2019
32,LC,32261,E,24.0,0,,4.49928,0.23211,0.20659,Azul,511,,0.0,2019
34,LC,118134,A,26.0,0,,3.34867,1.04002,0.20217,Azul,511,,0.0,2019
35,LC,89874,A,10.0,0,,2.50294,-0.16837,0.05346,Azul,511,,0.0,2019
36,LC,86932,A,14.0,0,,0.6609,0.48081,0.02482,Azul,511,,0.0,2019
37,LC,24785,D,28.0,0,,4.0897,-0.15593,0.18836,Azul,511,,0.0,2019
38,LC,118028,D,29.0,0,,2.78473,1.21063,0.13942,Azul,511,,0.0,2019
39,LC,118246,B,17.0,0,,0.98835,2.9006,0.22558,Azul,511,,0.0,2019
40,LC,77356,B,13.0,0,,3.62272,0.75063,0.23761,Azul,511,,0.0,2019
41,LC,118276,C,16.0,0,,2.59876,0.75076,0.13733,Azul,511,,0.0,2019
42,LC,118299,D,18.0,0,,3.76828,1.13537,0.08402,Azul,511,,0.0,2019
43,LC,118165,C,4.0,0,,2.57957,0.47485,0.17883,Azul,511,,0.0,2019
44,LC,118103,E,27.0,0,,2.38734,2.25308,0.15051,Azul,511,,0.0,2019
45,LC,118192,B,25.0,0,,3.36624,2.31528,0.19736,Azul,511,,0.0,2019
46,CH,111894,B,27.0,0,,2.21881,1.10809,0.13721,Azul,507,,0.0,2019
47,CH,118054,A,28.0,0,,2.07127,1.3472,0.07736,Azul,507,,0.0,2019
49,CH,66498,C,30.0,0,,1.31749,0.44063,0.18259,Azul,507,,0.0,2019
50,CH,86751,C,23.0,0,,3.45284,1.65017,0.09484,Azul,507,,0.0,2019
51,CH,83820,B,12.0,0,,2.24266,0.19945,0.14787,Azul,507,,0.0,2019
52,CH,77940,A,16.0,0,,1.69265,-0.16281,0.19993,Azul,507,,0.0,2019
53,CH,118034,B,9.0,0,,2.89911,0.93429,0.16213,Azul,507,,0.0,2019
54,CH,84888,B,15.0,0,,2.3107,1.45829,0.17477,Azul,507,,0.0,2019
55,CH,88233,A,15.0,0,,1.39689,1.31818,0.11442,Azul,507,,0.0,2019
56,CH,86934,D,17.0,0,,0.61655,1.00168,0.04145,Azul,507,,0.0,2019
57,CH,118158,C,6.0,0,,2.22546,0.46653,0.15939,Azul,507,,0.0,2019
58,CH,88306,B,23.0,0,,1.78628,1.34891,0.18079,Azul,507,,0.0,2019
59,CH,118033,C,6.0,0,,3.33353,0.6595,0.32563,Azul,507,,0.0,2019
60,CH,84769,E,11.0,0,,2.20133,1.01836,0.12996,Azul,507,,0.0,2019
61,CH,118022,E,26.0,0,,3.17381,0.77149,0.09188,Azul,507,,0.0,2019
62,CH,111844,E,11.0,0,,2.33881,0.22143,0.04965,Azul,507,,0.0,2019
63,CH,33960,B,14.0,0,,3.73216,1.13742,0.16303,Azul,507,,0.0,2019
64,CH,78903,C,11.0,0,,1.5682,-0.25115,0.00814,Azul,507,,0.0,2019
65,CH,97975,A,1.0,0,,1.45676,1.3618,0.21595,Azul,507,,0.0,2019
66,CH,118108,C,22.0,0,,2.80224,0.44492,0.21353,Azul,507,,0.0,2019
67,CH,66219,A,1.0,0,,1.471,1.73902,0.23765,Azul,507,,0.0,2019
68,CH,111877,C,10.0,0,,2.54319,0.68737,0.16087,Azul,507,,0.0,2019
69,CH,88194,E,19.0,0,,1.35668,1.69195,0.10234,Azul,507,,0.0,2019
70,CH,118125,E,21.0,0,,1.14176,0.61713,0.00161,Azul,507,,0.0,2019
71,CH,87057,D,20.0,0,,1.22262,0.2453,0.17471,Azul,507,,0.0,2019
72,CH,85139,B,24.0,0,,2.89534,0.60872,0.22906,Azul,507,,0.0,2019
73,CH,88308,C,3.0,0,,1.40104,1.15692,0.09673,Azul,507,,0.0,2019
74,CH,87709,C,3.0,0,,2.06585,1.48052,0.17341,Azul,507,,0.0,2019
75,CH,112135,A,27.0,0,,2.05925,0.34452,0.21848,Azul,507,,0.0,2019
76,CH,81689,D,23.0,0,,2.34674,1.87883,0.11625,Azul,507,,0.0,2019
77,CH,118029,B,5.0,0,,2.63717,1.07054,0.22582,Azul,507,,0.0,2019
78,CH,118024,E,4.0,0,,2.44871,1.81367,0.12029,Azul,507,,0.0,2019
79,CH,97013,A,24.0,0,,0.73411,1.20733,0.01008,Azul,507,,0.0,2019
80,CH,11601,D,15.0,0,,1.20499,0.975,0.146,Azul,507,,0.0,2019
81,CH,89147,B,18.0,0,,3.04427,1.36609,0.23176,Azul,507,,0.0,2019
82,CH,84811,A,2.0,0,,2.78428,0.48121,0.18255,Azul,507,,0.0,2019
83,CH,96447,D,20.0,0,,3.56414,0.51626,0.13663,Azul,507,,0.0,2019
84,CH,96302,B,7.0,0,,1.13705,0.24894,0.00655,Azul,507,,0.0,2019
85,CH,111820,B,5.0,0,,1.43499,2.25728,0.06711,Azul,507,,0.0,2019
86,CH,96596,B,7.0,0,,1.69675,2.03032,0.19839,Azul,507,,0.0,2019
87,CH,84147,A,25.0,0,,2.067,0.32546,0.20034,Azul,507,,0.0,2019
88,CH,95648,C,8.0,0,,2.21046,1.12907,0.18621,Azul,507,,0.0,2019
89,CH,118038,D,26.0,0,,3.49023,1.02573,0.18725,Azul,507,,0.0,2019
91,CN,82364,A,27.0,0,,2.43167,1.13773,0.22233,Azul,503,,0.0,2019
92,CN,117836,A,23.0,0,,1.87838,1.45214,0.07496,Azul,503,,0.0,2019
93,CN,29776,E,30.0,0,,2.80865,0.58402,0.21207,Azul,503,,0.0,2019
94,CN,117999,C,3.0,0,,3.76618,0.41535,0.10709,Azul,503,,0.0,2019
95,CN,117746,A,9.0,0,,1.2139,2.21432,0.09924,Azul,503,,0.0,2019
96,CN,86521,C,4.0,0,,1.71979,0.25498,0.14498,Azul,503,,0.0,2019
97,CN,31718,D,28.0,0,,1.90483,0.48421,0.21286,Azul,503,,0.0,2019
98,CN,89150,E,22.0,0,,3.482,0.29664,0.15617,Azul,503,,0.0,2019
99,CN,117988,A,27.0,0,,3.11909,0.80483,0.08561,Azul,503,,0.0,2019
100,CN,7529,D,29.0,0,,2.26543,0.62256,0.1662,Azul,503,,0.0,2019
101,CN,88853,C,11.0,0,,2.39212,0.70901,0.165,Azul,503,,0.0,2019
102,CN,117883,B,7.0,0,,0.38139,3.36471,0.06869,Azul,503,,0.0,2019
103,CN,82490,C,19.0,0,,1.75058,1.02204,0.23374,Azul,503,,0.0,2019
104,CN,111624,D,12.0,0,,1.03081,-0.00312,0.01163,Azul,503,,0.0,2019
105,CN,82236,D,22.0,0,,2.77263,1.28601,0.13618,Azul,503,,0.0,2019
106,CN,83441,D,17.0,0,,4.60881,1.94111,0.12462,Azul,503,,0.0,2019
107,CN,19223,B,14.0,0,,2.06769,-0.11974,0.19742,Azul,503,,0.0,2019
108,CN,78504,C,24.0,0,,3.20779,1.67408,0.16383,Azul,503,,0.0,2019
109,CN,7629,B,20.0,0,,0.75316,1.83643,0.10672,Azul,503,,0.0,2019
110,CN,14273,D,13.0,0,,3.90297,2.19782,0.05798,Azul,503,,0.0,2019
111,CN,97169,A,20.0,0,,5.93339,1.98881,0.13188,Azul,503,,0.0,2019
112,CN,49600,D,23.0,0,,1.14904,2.36402,0.1148,Azul,503,,0.0,2019
113,CN,96556,A,21.0,0,,1.66258,1.3767,0.17468,Azul,503,,0.0,2019
114,CN,39290,E,8.0,0,,2.00073,0.8684,0.16452,Azul,503,,0.0,2019
115,CN,89298,A,26.0,0,,1.02022,0.29761,0.0167,Azul,503,,0.0,2019
116,CN,55328,B,15.0,0,,0.54974,0.97948,0.05877,Azul,503,,0.0,2019
117,CN,89515,C,21.0,0,,3.14647,1.67856,0.32644,Azul,503,,0.0,2019
118,CN,117868,E,25.0,0,,0.05808,8.96186,0.22071,Azul,503,,0.0,2019
119,CN,117890,B,6.0,0,,1.85268,0.99689,0.12401,Azul,503,,0.0,2019
120,CN,54381,A,18.0,0,,3.20714,2.14905,0.08067,Azul,503,,0.0,2019
121,CN,117979,B,6.0,0,,1.19339,2.04675,0.26041,Azul,503,,0.0,2019
123,CN,60311,E,10.0,0,,2.79351,0.15609,0.14102,Azul,503,,0.0,2019
124,CN,81478,B,8.0,0,,2.37739,1.59193,0.20921,Azul,503,,0.0,2019
125,CN,83526,C,16.0,0,,1.62997,1.70518,0.1628,Azul,503,,0.0,2019
126,CN,111601,B,5.0,0,,7.09582,2.42384,0.23686,Azul,503,,0.0,2019
127,CN,111545,E,9.0,0,,0.54124,3.79854,0.17374,Azul,503,,0.0,2019
128,CN,19407,E,17.0,0,,2.32962,1.67314,0.14993,Azul,503,,0.0,2019
129,CN,89772,C,7.0,0,,0.67587,1.59601,0.02169,Azul,503,,0.0,2019
130,CN,24104,E,3.0,0,,3.41094,1.15715,0.16829,Azul,503,,0.0,2019
131,CN,111705,B,2.0,0,,1.78669,1.78124,0.20473,Azul,503,,0.0,2019
132,CN,117875,D,1.0,0,,1.78539,1.58564,0.13602,Azul,503,,0.0,2019
133,CN,117642,A,2.0,0,,1.92967,1.07472,0.22014,Azul,503,,0.0,2019
134,CN,85548,D,24.0,0,,2.96175,0.58267,0.11175,Azul,503,,0.0,2019
135,CN,84568,C,1.0,0,,2.42831,1.66707,0.29842,Azul,503,,0.0,2019
136,MT,117635,E,6.0,0,,1.84162,0.88644,0.35048,Azul,515,,0.0,2019
137,MT,9779,E,21.0,0,,2.287,2.217,0.085,Azul,515,,0.0,2019
138,MT,111608,E,5.0,0,,2.47366,1.61606,0.04665,Azul,515,,0.0,2019
139,MT,111696,A,15.0,0,,2.05561,3.05197,0.11848,Azul,515,,0.0,2019
140,MT,63187,D,1.0,0,,1.86876,0.4293,0.12552,Azul,515,,0.0,2019
141,MT,117612,B,17.0,0,,1.94459,2.78766,0.16241,Azul,515,,0.0,2019
142,MT,63808,E,9.0,0,,2.89605,1.98685,0.08712,Azul,515,,0.0,2019
143,MT,54448,B,20.0,0,,3.06326,0.80679,0.08034,Azul,515,,0.0,2019
144,MT,86432,A,1.0,0,,1.12267,0.37213,0.26876,Azul,515,,0.0,2019
146,MT,117798,A,26.0,0,,2.72919,1.92868,0.23186,Azul,515,,0.0,2019
147,MT,30740,B,12.0,0,,1.64938,1.94549,0.20724,Azul,515,,0.0,2019
148,MT,30436,C,12.0,0,,1.64692,0.47926,0.18811,Azul,515,,0.0,2019
149,MT,117725,D,24.0,0,,1.20999,2.11115,0.06509,Azul,515,,0.0,2019
150,MT,84409,B,23.0,0,,1.77601,1.53793,0.14814,Azul,515,,0.0,2019
151,MT,28434,A,16.0,0,,2.45024,3.01267,0.14322,Azul,515,,0.0,2019
152,MT,117607,B,16.0,0,,2.28084,1.24447,0.12125,Azul,515,,0.0,2019
153,MT,30570,E,3.0,0,,3.17618,2.35696,0.27294,Azul,515,,0.0,2019
154,MT,84374,C,21.0,0,,1.7206,2.05336,0.18597,Azul,515,,0.0,2019
155,MT,83754,E,2.0,0,,3.93635,3.78057,0.19828,Azul,515,,0.0,2019
156,MT,39708,C,3.0,0,,2.45518,2.61221,0.15911,Azul,515,,0.0,2019
157,MT,117950,A,7.0,0,,3.76775,2.42062,0.20831,Azul,515,,0.0,2019
158,MT,117845,C,11.0,0,,3.1849,1.31578,0.14485,Azul,515,,0.0,2019
159,MT,117726,D,30.0,0,,2.31939,1.41653,0.07186,Azul,515,,0.0,2019
160,MT,8368,C,28.0,0,,2.17954,1.95289,0.13818,Azul,515,,0.0,2019
161,MT,13303,B,27.0,0,,3.1073,1.87878,0.18717,Azul,515,,0.0,2019
162,MT,14324,D,10.0,0,,3.8143,2.48432,0.09189,Azul,515,,0.0,2019
163,MT,18002,C,4.0,0,,3.41848,1.95818,0.16938,Azul,515,,0.0,2019
164,MT,42803,C,13.0,0,,2.30372,1.40103,0.13792,Azul,515,,0.0,2019
165,MT,117743,E,19.0,0,,3.9588,1.47023,0.11919,Azul,515,,0.0,2019
166,MT,10360,D,8.0,0,,1.52296,2.72201,0.36496,Azul,515,,0.0,2019
167,MT,31184,C,29.0,0,,2.662,2.957,0.068,Azul,515,,0.0,2019
168,MT,8401,D,19.0,0,,2.25899,1.51757,0.09598,Azul,515,,0.0,2019
169,MT,117818,A,9.0,0,,1.62365,1.98136,0.18076,Azul,515,,0.0,2019
170,MT,117783,B,14.0,0,,1.96646,2.01615,0.1547,Azul,515,,0.0,2019
171,MT,83792,E,2.0,0,,1.25552,1.93449,0.06675,Azul,515,,0.0,2019
172,MT,8442,D,25.0,0,,1.51,3.003,0.147,Azul,515,,0.0,2019
173,MT,89634,E,28.0,0,,2.5937,1.91179,0.07742,Azul,515,,0.0,2019
174,MT,78445,C,26.0,0,,5.31206,3.34343,0.16052,Azul,515,,0.0,2019
175,MT,17642,D,8.0,0,,2.24304,2.30004,0.20665,Azul,515,,0.0,2019
176,MT,117767,D,18.0,0,,0.1828,12.4166,0.11617,Azul,515,,0.0,2019
177,MT,83955,D,21.0,0,,2.5833,1.63345,0.16356,Azul,515,,0.0,2019
178,MT,111593,B,25.0,0,,4.12689,2.8894,0.12635,Azul,515,,0.0,2019
179,MT,111518,A,20.0,0,,1.57287,1.15345,0.11072,Azul,515,,0.0,2019
180,MT,83994,A,4.0,0,,1.78432,1.1667,0.0455,Azul,515,,0.0,2019
1,LC,66641,A,7.0,0,,2.31503,0.45154,0.171,AZUL,577,0.0,0.0,2020
2,LC,112060,A,8.0,0,,3.07686,0.1948,0.16639,AZUL,577,0.0,0.0,2020
3,LC,98143,E,8.0,0,,1.81272,2.02318,0.12074,AZUL,577,0.0,0.0,2020
4,LC,60777,D,5.0,0,,2.4824,1.238,0.1645,AZUL,577,0.0,0.0,2020
5,LC,112080,C,6.0,0,,2.30083,0.76945,0.17272,AZUL,577,0.0,0.0,2020
6,LC,63448,C,19.0,0,,3.18825,1.2588,0.17432,AZUL,577,,0.0,2020
7,LC,112130,E,25.0,0,,2.15389,1.14557,0.10595,AZUL,577,,0.0,2020
8,LC,21377,A,14.0,0,,1.72932,1.85051,0.14869,AZUL,577,,0.0,2020
9,LC,112138,A,20.0,0,,1.52123,1.91811,0.18523,AZUL,577,,0.0,2020
10,LC,112059,C,23.0,0,,1.10742,1.64,0.25509,AZUL,577,,0.0,2020
11,LC,96433,B,16.0,0,,1.93001,1.02406,0.14189,AZUL,577,,0.0,2020
12,LC,112112,A,20.0,0,,1.74167,1.51202,0.24386,AZUL,577,,0.0,2020
13,LC,112089,E,28.0,0,,1.60955,0.26979,0.20531,AZUL,577,,0.0,2020
14,LC,89327,B,12.0,0,,1.57221,2.74643,0.22189,AZUL,577,,0.0,2020
15,LC,89906,B,9.0,0,,2.90947,-0.40822,0.1293,AZUL,577,,0.0,2020
16,LC,96861,E,17.0,0,,2.41993,1.10401,0.14865,AZUL,577,,0.0,2020
17,LC,59955,D,10.0,0,,1.68626,0.30607,0.14643,AZUL,577,,0.0,2020
18,LC,17055,A,16.0,0,,1.35608,1.44454,0.23512,AZUL,577,,0.0,2020
19,LC,111819,C,4.0,0,,2.86286,1.44944,0.21361,AZUL,577,,0.0,2020
20,LC,52618,D,29.0,0,,3.21497,0.54565,0.16443,AZUL,577,,0.0,2020
21,LC,30842,B,13.0,0,,0.35878,5.45136,0.16296,AZUL,577,,0.0,2020
22,LC,111838,A,2.0,0,,1.06929,-0.44002,0.01379,AZUL,577,,0.0,2020
23,LC,17413,A,22.0,0,,2.78735,1.75256,0.1497,AZUL,577,,0.0,2020
24,LC,112151,D,27.0,0,,3.32308,1.49208,0.18606,AZUL,577,,0.0,2020
25,LC,15001,A,12.0,0,,1.61694,1.83853,0.26085,AZUL,577,,0.0,2020
26,LC,64056,D,30.0,0,,1.59796,-0.16732,0.19647,AZUL,577,,0.0,2020
27,LC,76967,D,18.0,0,,1.73723,-0.11868,0.05058,AZUL,577,,0.0,2020
28,LC,11437,E,14.0,0,,1.16098,1.0073,0.21912,AZUL,577,,0.0,2020
29,LC,12204,B,23.0,0,,1.62712,0.53489,0.10236,AZUL,577,,0.0,2020
30,LC,32400,B,21.0,0,,2.17398,1.80746,0.14684,AZUL,577,,0.0,2020
31,LC,111850,E,1.0,0,,1.40709,0.81183,0.17507,AZUL,577,,0.0,2020
32,LC,84295,B,23.0,0,,1.28796,0.07454,0.01332,AZUL,577,,0.0,2020
33,LC,111915,A,4.0,0,,1.84353,0.86234,0.24868,AZUL,577,,0.0,2020
34,LC,16501,A,16.0,0,,2.14866,2.2551,0.25595,AZUL,577,,0.0,2020
35,LC,44328,A,9.0,0,,1.7744,0.02359,0.1871,AZUL,577,,0.0,2020
36,LC,96814,D,11.0,0,,1.70534,0.36247,0.17758,AZUL,577,,0.0,2020
37,LC,86091,E,10.0,0,,1.43863,1.09024,0.12537,AZUL,577,,0.0,2020
38,LC,111989,A,24.0,0,,1.48285,1.91416,0.16479,AZUL,577,,0.0,2020
39,LC,111903,C,3.0,0,,2.2083,0.2591,0.17176,AZUL,577,,0.0,2020
40,LC,11966,A,18.0,0,,1.22111,1.6828,0.21162,AZUL,577,,0.0,2020
41,LC,18128,A,26.0,0,,2.46437,1.68698,0.1109,AZUL,577,,0.0,2020
42,LC,112087,A,10.0,0,,2.07488,0.54207,0.20064,AZUL,577,,0.0,2020
43,LC,33271,D,29.0,0,,2.51134,-0.5151,0.0477,AZUL,577,,0.0,2020
44,LC,35684,B,21.0,0,,1.47886,0.19951,0.22972,AZUL,577,,0.0,2020
45,LC,20652,B,15.0,0,,2.46676,2.21741,0.13534,AZUL,577,,0.0,2020
46,CH,112017,D,8.0,0,,3.53336,1.34087,0.13677,AZUL,567,,0.0,2020
47,CH,111987,A,17.0,0,,2.47767,1.82861,0.30933,AZUL,567,,0.0,2020
48,CH,111788,B,16.0,0,,2.15838,1.83008,0.13413,AZUL,567,,0.0,2020
49,CH,43978,C,13.0,0,,3.11394,1.33811,0.15766,AZUL,567,,0.0,2020
50,CH,84333,B,19.0,0,,1.33904,-0.24666,0.20167,AZUL,567,,0.0,2020
51,CH,111924,D,6.0,0,,1.04807,0.55132,0.21946,AZUL,567,,0.0,2020
52,CH,89808,D,15.0,0,,2.10695,0.73908,0.14776,AZUL,567,,0.0,2020
53,CH,112106,D,27.0,0,,1.93888,0.76774,0.16887,AZUL,567,,0.0,2020
54,CH,87040,A,5.0,0,,3.86355,0.08927,0.13133,AZUL,567,,0.0,2020
55,CH,111912,E,1.0,0,,1.63342,3.51778,0.12276,AZUL,567,,0.0,2020
56,CH,112103,D,30.0,0,,1.73079,1.00147,0.27,AZUL,567,,0.0,2020
57,CH,111968,B,7.0,0,,2.04864,2.07959,0.11925,AZUL,567,,0.0,2020
58,CH,112012,E,19.0,0,,1.34049,1.03565,0.19675,AZUL,567,,0.0,2020
59,CH,88041,C,29.0,0,,1.30366,1.05118,0.23195,AZUL,567,,0.0,2020
60,CH,87216,E,2.0,0,,1.94651,1.07266,0.32936,AZUL,567,,0.0,2020
61,CH,112065,C,9.0,0,,1.41212,1.60777,0.2112,AZUL,567,,0.0,2020
62,CH,42444,B,12.0,0,,2.20063,1.67407,0.24121,AZUL,567,,0.0,2020
63,CH,15291,B,23.0,0,,4.43583,1.68003,0.27045,AZUL,567,,0.0,2020
64,CH,87999,E,8.0,0,,3.04125,1.73772,0.29717,AZUL,567,,0.0,2020
65,CH,111792,D,6.0,0,,2.99705,1.18132,0.18751,AZUL,567,,0.0,2020
66,CH,88307,E,3.0,0,,1.28092,-0.03828,0.18724,AZUL,567,,0.0,2020
67,CH,97979,B,30.0,0,,1.63948,3.22867,0.14221,AZUL,567,,0.0,2020
68,CH,111815,D,2.0,0,,2.05053,0.95988,0.14344,AZUL,567,,0.0,2020
69,CH,84269,E,12.0,0,,2.31975,1.58949,0.11892,AZUL,567,,0.0,2020
70,CH,35686,E,7.0,0,,1.92473,1.50185,0.12074,AZUL,567,,0.0,2020
71,CH,111917,C,26.0,0,,1.72233,0.22539,0.22096,AZUL,567,,0.0,2020
72,CH,85290,B,3.0,0,,2.14778,2.28546,0.17138,AZUL,567,,0.0,2020
73,CH,95418,C,25.0,0,,5.86603,1.02878,0.11527,AZUL,567,,0.0,2020
74,CH,111930,C,4.0,0,,2.63281,1.21099,0.28106,AZUL,567,,0.0,2020
75,CH,111919,C,11.0,0,,2.83963,1.08367,0.17694,AZUL,567,,0.0,2020
76,CH,63343,B,24.0,0,,1.6559,1.87439,0.19625,AZUL,567,,0.0,2020
77,CH,46932,A,23.0,0,,2.11017,1.58198,0.23073,AZUL,567,,0.0,2020
78,CH,38675,C,16.0,0,,3.98011,0.78922,0.18995,AZUL,567,,0.0,2020
79,CH,111945,D,18.0,0,,1.68186,0.1343,0.17621,AZUL,567,,0.0,2020
80,CH,111886,C,22.0,0,,1.63725,1.31747,0.18855,AZUL,567,,0.0,2020
81,CH,18425,C,11.0,0,,2.11495,1.84337,0.12869,AZUL,567,,0.0,2020
82,CH,96883,A,26.0,0,,2.73973,0.99387,0.26428,AZUL,567,,0.0,2020
83,CH,95904,D,15.0,0,,2.30836,1.49244,0.2204,AZUL,567,,0.0,2020
84,CH,95948,E,29.0,0,,2.20464,1.56358,0.14004,AZUL,567,,0.0,2020
85,CH,98153,B,21.0,0,,2.17784,1.21931,0.26503,AZUL,567,,0.0,2020
86,CH,45217,D,22.0,0,,3.55293,1.2341,0.18404,AZUL,567,,0.0,2020
87,CH,85886,E,24.0,0,,3.71752,1.25879,0.16922,AZUL,567,,0.0,2020
88,CH,112015,C,27.0,0,,1.02685,0.10876,0.19583,AZUL,567,,0.0,2020
89,CH,96190,D,1.0,0,,2.78486,0.55811,0.19808,AZUL,567,,0.0,2020
90,CH,111863,D,14.0,0,,1.02714,0.71578,0.17357,AZUL,567,,0.0,2020
91,CN,84184,D,3.0,0,,1.85393,0.63073,0.178,AZUL,597,,0.0,2020
92,CN,79124,D,19.0,0,,1.71246,-0.07547,0.17405,AZUL,597,,0.0,2020
93,CN,62745,B,5.0,0,,2.74421,1.55431,0.18593,AZUL,597,,0.0,2020
94,CN,60072,A,24.0,0,,4.35472,1.09202,0.14701,AZUL,597,,0.0,2020
95,CN,31244,C,4.0,0,,2.91476,1.12362,0.11243,AZUL,597,,0.0,2020
96,CN,17936,B,25.0,0,,3.01205,1.50249,0.18745,AZUL,597,,0.0,2020
97,CN,14966,D,9.0,0,,1.99076,0.67442,0.18662,AZUL,597,,0.0,2020
98,CN,59913,D,23.0,0,,2.29781,1.5026,0.13077,AZUL,597,,0.0,2020
99,CN,49867,D,20.0,0,,3.21388,1.90806,0.17205,AZUL,597,,0.0,2020
100,CN,76371,E,26.0,0,,2.39814,1.69946,0.19017,AZUL,597,,0.0,2020
101,CN,10035,C,16.0,0,,2.40418,0.72028,0.21294,AZUL,597,,0.0,2020
102,CN,79139,D,8.0,0,,3.31199,1.88363,0.1386,AZUL,597,,0.0,2020
103,CN,87702,A,10.0,0,,2.27533,1.8581,0.2625,AZUL,597,,0.0,2020
104,CN,95441,E,14.0,0,,3.0376,0.62392,0.2084,AZUL,597,,0.0,2020
105,CN,53548,D,6.0,0,,0.29544,3.80025,0.02691,AZUL,597,,0.0,2020
106,CN,84444,C,17.0,0,,3.17216,1.35723,0.2178,AZUL,597,,0.0,2020
107,CN,78655,C,7.0,0,,0.50541,0.95758,0.04207,AZUL,597,,0.0,2020
108,CN,83046,C,30.0,0,,1.29492,1.17942,0.15943,AZUL,597,,0.0,2020
109,CN,97512,E,18.0,0,,1.45425,1.67689,0.14048,AZUL,597,,0.0,2020
110,CN,82708,D,19.0,0,,2.11734,1.59379,0.09209,AZUL,597,,0.0,2020
111,CN,85606,B,1.0,0,,2.97674,1.69468,0.29489,AZUL,597,,0.0,2020
112,CN,111722,D,6.0,0,,1.64715,0.84954,0.17537,AZUL,597,,0.0,2020
113,CN,83584,D,3.0,0,,3.26129,0.47507,0.24933,AZUL,597,,0.0,2020
114,CN,89494,C,1.0,0,,2.28319,2.62945,0.24444,AZUL,597,,0.0,2020
115,CN,49826,B,11.0,0,,1.79438,0.79213,0.20738,AZUL,597,,0.0,2020
116,CN,111430,D,5.0,0,,1.82854,2.08846,0.1837,AZUL,597,,0.0,2020
117,CN,40151,D,2.0,0,,2.11847,1.57164,0.14442,AZUL,597,,0.0,2020
118,CN,14993,C,28.0,0,,0.99966,1.19437,0.21325,AZUL,597,,0.0,2020
119,CN,83684,A,10.0,0,,1.7008,1.15068,0.14749,AZUL,597,,0.0,2020
120,CN,111537,A,12.0,0,,2.82041,2.00971,0.12385,AZUL,597,,0.0,2020
121,CN,38012,E,29.0,0,,1.88342,1.48748,0.27044,AZUL,597,,0.0,2020
122,CN,55948,C,15.0,0,,2.9073,0.12756,0.21003,AZUL,597,,0.0,2020
123,CN,82243,E,19.0,0,,1.92924,2.72331,0.17678,AZUL,597,,0.0,2020
124,CN,87690,D,12.0,0,,2.54499,0.32436,0.18403,AZUL,597,,0.0,2020
125,CN,98228,D,13.0,0,,1.57481,1.65344,0.22044,AZUL,597,,0.0,2020
126,CN,111709,A,23.0,0,,2.21526,0.67088,0.17268,AZUL,597,,0.0,2020
127,CN,84057,C,4.0,0,,0.74154,0.63222,0.01071,AZUL,597,,0.0,2020
128,CN,81964,C,6.0,0,,2.93991,1.73038,0.232,AZUL,597,,0.0,2020
129,CN,77782,B,29.0,0,,2.6178,0.81621,0.05772,AZUL,597,,0.0,2020
130,CN,90016,A,22.0,0,,1.0062,2.26887,0.12084,AZUL,597,,0.0,2020
131,CN,87642,E,26.0,0,,3.99324,0.94637,0.16656,AZUL,597,,0.0,2020
132,CN,111501,D,27.0,0,,1.46882,-0.23526,0.19946,AZUL,597,,0.0,2020
133,CN,84063,C,21.0,0,,2.95498,1.28416,0.16449,AZUL,597,,0.0,2020
134,CN,87675,D,7.0,0,,2.46972,0.95056,0.13112,AZUL,597,,0.0,2020
136,MT,85224,D,18.0,0,,1.50087,2.33109,0.12155,AZUL,587,,0.0,2020
137,MT,82724,A,1.0,0,,1.5867,-0.08552,0.20086,AZUL,587,,0.0,2020
138,MT,32975,B,11.0,0,,3.35137,3.34168,0.16605,AZUL,587,,0.0,2020
139,MT,59546,C,26.0,0,,2.75624,0.62447,0.09203,AZUL,587,,0.0,2020
140,MT,111432,C,13.0,0,,1.18053,2.23254,0.20706,AZUL,587,,0.0,2020
141,MT,29531,A,3.0,0,,1.73821,2.6803,0.13986,AZUL,587,,0.0,2020
142,MT,8028,E,28.0,0,,2.09221,0.99371,0.1329,AZUL,587,,0.0,2020
143,MT,37990,D,24.0,0,,1.5164,1.9226,0.2304,AZUL,587,,0.0,2020
144,MT,37286,B,12.0,0,,3.25442,1.5772,0.1355,AZUL,587,,0.0,2020
145,MT,7633,B,11.0,0,,2.73149,2.49854,0.13472,AZUL,587,,0.0,2020
146,MT,15248,C,21.0,0,,3.29625,2.86173,0.25529,AZUL,587,,0.0,2020
147,MT,86282,C,10.0,0,,2.26511,2.77688,0.23479,AZUL,587,,0.0,2020
148,MT,77477,C,25.0,0,,2.96092,0.8958,0.18532,AZUL,587,,0.0,2020
149,MT,84253,A,19.0,0,,2.88702,2.82281,0.13958,AZUL,587,,0.0,2020
150,MT,111714,B,22.0,0,,2.13749,1.78181,0.156,AZUL,587,,0.0,2020
151,MT,111461,C,7.0,0,,2.99017,1.89021,0.15884,AZUL,587,,0.0,2020
152,MT,85793,A,19.0,0,,2.94722,2.06568,0.12112,AZUL,587,,0.0,2020
153,MT,49782,C,17.0,0,,1.08432,0.84339,0.01494,AZUL,587,,0.0,2020
154,MT,63324,C,1.0,0,,2.18282,2.31084,0.14885,AZUL,587,,0.0,2020
155,MT,55387,B,2.0,0,,2.59667,1.34028,0.15449,AZUL,587,,0.0,2020
156,MT,86803,D,26.0,0,,2.04724,1.08171,0.1794,AZUL,587,,0.0,2020
158,MT,48864,C,3.0,0,,1.78193,3.29884,0.18914,AZUL,587,,0.0,2020
159,MT,60666,C,4.0,0,,0.96583,2.50648,0.2049,AZUL,587,,0.0,2020
160,MT,10660,C,18.0,0,,1.75839,2.40752,0.16633,AZUL,587,,0.0,2020
161,MT,13085,B,8.0,0,,4.06335,2.18033,0.2161,AZUL,587,,0.0,2020
162,MT,111525,E,9.0,0,,2.14544,1.73587,0.22609,AZUL,587,,0.0,2020
163,MT,30462,E,2.0,0,,1.57033,2.17738,0.11432,AZUL,587,,0.0,2020
164,MT,88028,E,20.0,0,,2.31216,0.44069,0.18915,AZUL,587,,0.0,2020
165,MT,83753,D,30.0,0,,2.5968,2.82961,0.09691,AZUL,587,,0.0,2020
166,MT,111530,B,15.0,0,,2.59012,2.03367,0.18389,AZUL,587,,0.0,2020
167,MT,83638,B,5.0,0,,2.00634,1.15438,0.14059,AZUL,587,,0.0,2020
168,MT,41676,A,14.0,0,,3.19891,1.60834,0.17181,AZUL,587,,0.0,2020
169,MT,15897,C,3.0,0,,1.89497,1.65188,0.27993,AZUL,587,,0.0,2020
170,MT,111719,C,23.0,0,,1.22121,2.10949,0.09007,AZUL,587,,0.0,2020
171,MT,24338,D,9.0,0,,1.33979,1.93473,0.18699,AZUL,587,,0.0,2020
172,MT,111566,A,14.0,0,,2.73154,1.76976,0.1412,AZUL,587,,0.0,2020
173,MT,63901,C,14.0,0,,2.42448,3.0197,0.15362,AZUL,587,,0.0,2020
174,MT,85945,B,13.0,0,,1.53928,1.60311,0.19657,AZUL,587,,0.0,2020
175,MT,49630,A,20.0,0,,2.75865,1.15201,0.15163,AZUL,587,,0.0,2020
176,MT,30344,E,7.0,0,,1.2009,0.84968,0.16359,AZUL,587,,0.0,2020
177,MT,111491,B,6.0,0,,1.25662,-0.40358,0.20406,AZUL,587,,0.0,2020
178,MT,85053,A,29.0,0,,0.93375,1.1092,0.07392,AZUL,587,,0.0,2020
179,MT,43031,E,16.0,0,,2.99305,1.84654,0.06394,AZUL,587,,0.0,2020
180,MT,62498,C,27.0,0,,3.02476,1.33416,0.11462,AZUL,587,,0.0,2020
102,CN,62293,B,5.0,0,,3.00296,1.17427,0.16918,AZUL,909,,,2021
122,CN,82265,C,8.0,0,,2.63278,0.67271,0.32905,AZUL,909,,,2021
125,CN,81640,B,21.0,0,,1.7041,1.93672,0.18178,AZUL,909,,,2021
95,CN,117843,A,27.0,0,,4.13911,0.76309,0.13487,AZUL,909,,,2021
96,CN,63600,B,15.0,0,,2.78598,1.12828,0.24608,AZUL,909,,,2021
100,CN,117898,B,3.0,0,,2.68999,0.6514,0.15907,AZUL,909,,,2021
97,CN,12401,E,19.0,0,,1.83234,0.97623,0.19551,AZUL,909,,,2021
120,CN,111544,A,22.0,0,,2.35776,1.39005,0.14902,AZUL,909,,,2021
126,CN,14944,D,5.0,0,,1.20474,2.12158,0.23447,AZUL,909,,,2021
135,CN,46813,D,18.0,0,,2.76737,1.53283,0.1128,AZUL,909,,,2021
123,CN,85525,D,29.0,0,,0.49099,1.72446,0.02266,AZUL,909,,,2021
128,CN,111546,D,23.0,0,,3.28052,1.65567,0.21068,AZUL,909,,,2021
101,CN,48911,C,25.0,0,,1.98857,1.61387,0.29096,AZUL,909,,,2021
91,CN,117867,E,12.0,0,,2.57831,1.34841,0.19923,AZUL,909,,,2021
119,CN,84331,A,19.0,0,,2.53465,2.4095,0.0954,AZUL,909,,,2021
103,CN,88260,E,7.0,0,,2.12286,1.66345,0.22982,AZUL,909,,,2021
133,CN,88403,D,5.0,0,,2.9738,1.96749,0.12076,AZUL,909,,,2021
110,CN,111623,B,9.0,0,,2.5914,1.40589,0.13998,AZUL,909,,,2021
132,CN,111664,A,13.0,0,,2.45876,0.44934,0.19743,AZUL,909,,,2021
117,CN,98020,B,8.0,0,,1.36007,1.79781,0.13996,AZUL,909,,,2021
121,CN,78726,E,16.0,0,,1.27392,1.76469,0.13413,AZUL,909,,,2021
112,CN,85079,E,11.0,0,,0.92989,-0.72714,0.02105,AZUL,909,,,2021
98,CN,111498,D,14.0,0,,0.7292,3.81485,0.10881,AZUL,909,,,2021
106,CN,117891,C,22.0,0,,0.81733,2.29106,0.15388,AZUL,909,,,2021
93,CN,68355,E,28.0,0,,1.89221,0.64628,0.16333,AZUL,909,,,2021
105,CN,59907,A,20.0,0,,2.3659,2.02542,0.14126,AZUL,909,,,2021
114,CN,19227,B,14.0,0,,2.39928,1.65732,0.14967,AZUL,909,,,2021
108,CN,98108,D,3.0,0,,2.76968,0.71695,0.24269,AZUL,909,,,2021
107,CN,60284,C,6.0,0,,1.89764,1.77374,0.22707,AZUL,909,,,2021
109,CN,89864,C,17.0,0,,2.59028,1.66716,0.26726,AZUL,909,,,2021
116,CN,84502,C,19.0,0,,2.1616,2.43316,0.3388,AZUL,909,,,2021
99,CN,126594,A,9.0,0,,2.7664,0.51395,0.30712,AZUL,909,,,2021
127,CN,97577,C,16.0,0,,1.73579,-0.23373,0.13306,AZUL,909,,,2021
134,CN,117980,C,6.0,0,,1.7383,1.40697,0.1367,AZUL,909,,,2021
94,CN,85781,C,20.0,0,,0.77238,3.24395,0.19069,AZUL,909,,,2021
124,CN,117627,C,2.0,0,,2.28165,0.59099,0.22224,AZUL,909,,,2021
113,CN,66339,E,24.0,0,,3.2481,1.38461,0.17112,AZUL,909,,,2021
131,CN,54959,B,1.0,0,,2.15669,1.23172,0.29573,AZUL,909,,,2021
130,CN,54019,B,24.0,0,,3.87694,1.86924,0.19867,AZUL,909,,,2021
115,CN,111647,B,23.0,0,,2.72669,1.99105,0.20284,AZUL,909,,,2021
129,CN,87718,B,16.0,0,,3.29305,1.87858,0.17777,AZUL,909,,,2021
92,CN,63095,D,1.0,0,,3.01758,1.65693,0.15293,AZUL,909,,,2021
104,CN,117795,B,10.0,0,,3.24877,1.21839,0.09433,AZUL,909,,,2021
111,CN,39279,B,4.0,0,,1.41618,0.30941,0.07884,AZUL,909,,,2021
65,CH,118135,A,23.0,0,,1.60808,-0.32296,0.09046,AZUL,879,,,2021
78,CH,118129,A,14.0,0,,3.22966,0.96248,0.14036,AZUL,879,,,2021
77,CH,125716,A,4.0,0,,2.56315,0.92494,0.16284,AZUL,879,,,2021
63,CH,111936,B,30.0,0,,1.98717,1.20976,0.16546,AZUL,879,,,2021
80,CH,88561,C,9.0,0,,1.78332,2.10818,0.177,AZUL,879,,,2021
73,CH,88342,A,15.0,0,,1.63154,1.32755,0.10703,AZUL,879,,,2021
54,CH,96872,C,16.0,0,,2.15046,1.07751,0.23671,AZUL,879,,,2021
75,CH,111880,E,27.0,0,,2.52898,1.12459,0.15048,AZUL,879,,,2021
66,CH,98208,B,12.0,0,,2.65063,0.47062,0.1495,AZUL,879,,,2021
64,CH,96289,C,11.0,0,,2.16518,1.84941,0.13178,AZUL,879,,,2021
86,CH,112129,A,1.0,0,,1.22,0.04233,0.19344,AZUL,879,,,2021
55,CH,112084,E,8.0,0,,3.21414,1.1317,0.10829,AZUL,879,,,2021
51,CH,98128,A,29.0,0,,0.76584,0.78405,0.01834,AZUL,879,,,2021
68,CH,111925,E,22.0,0,,2.88658,0.55124,0.13869,AZUL,879,,,2021
69,CH,81914,C,8.0,0,,1.85709,0.94313,0.1916,AZUL,879,,,2021
81,CH,95563,B,25.0,0,,1.50299,0.57725,0.18681,AZUL,879,,,2021
47,CH,86369,A,18.0,0,,1.73639,1.33796,0.29641,AZUL,879,,,2021
70,CH,125732,C,26.0,0,,3.34532,0.29978,0.23028,AZUL,879,,,2021
48,CH,118058,D,29.0,0,,2.2169,1.61961,0.16574,AZUL,879,,,2021
49,CH,125655,C,14.0,0,,2.36532,0.38656,0.25854,AZUL,879,,,2021
71,CH,96669,A,30.0,0,,1.57179,0.86617,0.2021,AZUL,879,,,2021
87,CH,96415,E,3.0,0,,2.49173,1.57817,0.16145,AZUL,879,,,2021
50,CH,125707,B,28.0,0,,3.51888,1.67763,0.13429,AZUL,879,,,2021
72,CH,125907,E,10.0,0,,2.28342,0.77519,0.16873,AZUL,879,,,2021
56,CH,118206,D,27.0,0,,1.90077,1.56953,0.14464,AZUL,879,,,2021
52,CH,52843,D,7.0,0,,1.80371,1.3784,0.16635,AZUL,879,,,2021
84,CH,111846,B,5.0,0,,3.22135,1.15587,0.18835,AZUL,879,,,2021
62,CH,89649,D,20.0,0,,2.49925,1.72549,0.13091,AZUL,879,,,2021
46,CH,118049,B,16.0,0,,1.54377,0.59033,0.19087,AZUL,879,,,2021
67,CH,125722,E,26.0,0,,2.36414,1.17248,0.09949,AZUL,879,,,2021
57,CH,87238,D,21.0,0,,1.08479,1.43975,0.12871,AZUL,879,,,2021
61,CH,111789,A,18.0,0,,1.9399,0.2371,0.14756,AZUL,879,,,2021
88,CH,96369,E,11.0,0,,2.56529,1.19286,0.16157,AZUL,879,,,2021
74,CH,112114,B,2.0,0,,2.47232,1.18879,0.1676,AZUL,879,,,2021
79,CH,118012,E,17.0,0,,1.52448,2.04577,0.21371,AZUL,879,,,2021
83,CH,118059,A,5.0,0,,3.04986,0.83936,0.23466,AZUL,879,,,2021
76,CH,95822,B,23.0,0,,0.86436,3.26888,0.11203,AZUL,879,,,2021
58,CH,111817,E,19.0,0,,1.77083,0.61191,0.09361,AZUL,879,,,2021
60,CH,111875,B,24.0,0,,3.51856,0.89984,0.18464,AZUL,879,,,2021
85,CH,88365,A,1.0,0,,1.29208,1.81119,0.20192,AZUL,879,,,2021
59,CH,125885,B,27.0,0,,3.46336,0.36928,0.17747,AZUL,879,,,2021
89,CH,33940,B,6.0,0,,2.20524,2.56419,0.13887,AZUL,879,,,2021
53,CH,125676,B,5.0,0,,1.26786,0.66068,0.11201,AZUL,879,,,2021
90,CH,125656,B,4.0,0,,2.13734,0.664,0.25431,AZUL,879,,,2021
82,CH,86998,B,1.0,0,,1.8994,0.84844,0.2609,AZUL,879,,,2021
2,LC,118292,A,8.0,0,,1.86272,0.34935,0.27244,AZUL,889,0.0,,2021
3,LC,118145,A,5.0,0,,2.57602,0.57464,0.19619,AZUL,889,0.0,,2021
4,LC,81488,B,5.0,0,,3.48892,0.84356,0.12705,AZUL,889,0.0,,2021
5,LC,63712,B,6.0,0,,2.528,1.55393,0.29354,AZUL,889,0.0,,2021
6,LC,15069,B,1.0,0,,1.77244,0.23114,0.00953,AZUL,889,,,2021
7,LC,120165,D,25.0,0,,2.9592,0.57101,0.16401,AZUL,889,,,2021
8,LC,118073,C,24.0,0,,1.68791,0.79504,0.13105,AZUL,889,,,2021
9,LC,86462,D,20.0,0,,2.38262,0.23283,0.11832,AZUL,889,,,2021
10,LC,97519,E,18.0,0,,2.39514,-0.22063,0.05035,AZUL,889,,,2021
11,LC,68920,A,20.0,0,,0.96148,-0.66104,0.01713,AZUL,889,,,2021
12,LC,118201,D,2.0,0,,0.79399,-0.42733,0.23668,AZUL,889,,,2021
13,LC,118251,C,21.0,0,,0.27414,4.27494,0.08273,AZUL,889,,,2021
14,LC,120342,E,3.0,0,,1.58638,1.45518,0.22273,AZUL,889,,,2021
15,LC,120646,D,14.0,0,,1.57672,1.15232,0.16243,AZUL,889,,,2021
16,LC,86515,B,24.0,0,,2.19688,0.92018,0.10506,AZUL,889,,,2021
17,LC,120170,E,9.0,0,,1.9866,1.65243,0.11374,AZUL,889,,,2021
18,LC,31981,D,12.0,0,,2.08211,0.59859,0.17197,AZUL,889,,,2021
19,LC,118218,D,9.0,0,,2.68787,0.62089,0.26778,AZUL,889,,,2021
20,LC,120623,D,30.0,0,,1.58074,1.24997,0.12025,AZUL,889,,,2021
21,LC,83331,A,22.0,0,,2.89764,0.57674,0.16815,AZUL,889,,,2021
22,LC,86329,B,26.0,0,,1.80201,0.20928,0.18024,AZUL,889,,,2021
23,LC,119763,B,14.0,0,,3.83474,0.4663,0.21265,AZUL,889,,,2021
25,LC,118279,B,16.0,0,,3.09031,2.70264,0.06863,AZUL,889,,,2021
26,LC,118269,D,18.0,0,,0.88199,2.40855,0.2075,AZUL,889,,,2021
27,LC,15105,E,12.0,0,,1.54517,1.71461,0.23079,AZUL,889,,,2021
28,LC,120627,B,28.0,0,,1.99613,1.20044,0.05794,AZUL,889,,,2021
29,LC,96262,C,23.0,0,,2.71876,0.24855,0.1477,AZUL,889,,,2021
30,LC,120154,E,27.0,0,,2.51375,1.26329,0.13472,AZUL,889,,,2021
31,LC,118205,A,11.0,0,,1.01454,0.06185,0.06182,AZUL,889,,,2021
32,LC,120375,D,19.0,0,,2.39615,1.63316,0.20335,AZUL,889,,,2021
33,LC,18745,A,4.0,0,,2.3308,1.6301,0.13047,AZUL,889,,,2021
34,LC,120340,B,21.0,0,,0.5311,0.41917,0.23722,AZUL,889,,,2021
35,LC,39441,D,17.0,0,,1.19989,0.74738,0.0877,AZUL,889,,,2021
36,LC,120560,B,13.0,0,,1.99754,2.27789,0.292,AZUL,889,,,2021
37,LC,120643,A,23.0,0,,2.94256,0.17547,0.22258,AZUL,889,,,2021
38,LC,118302,C,16.0,0,,1.4717,2.17279,0.19556,AZUL,889,,,2021
39,LC,118231,A,25.0,0,,1.42609,-0.65267,0.00765,AZUL,889,,,2021
40,LC,118250,C,17.0,0,,1.91893,0.83254,0.0852,AZUL,889,,,2021
41,LC,37831,D,16.0,0,,0.66145,1.56218,0.00747,AZUL,889,,,2021
42,LC,118293,C,10.0,0,,0.80105,2.47968,0.05719,AZUL,889,,,2021
44,LC,120639,D,29.0,0,,2.45537,0.7477,0.10142,AZUL,889,,,2021
45,LC,86594,C,23.0,0,,2.2723,1.56986,0.20724,AZUL,889,,,2021
1,LC,111852,C,7.0,0,,3.02127,0.71646,0.18997,AZUL,889,0.0,,2021
137,MT,126019,E,6.0,0,,0.37654,4.78322,0.0371,AZUL,899,,,2021
139,MT,95820,E,29.0,0,,1.50171,0.5697,0.1956,AZUL,899,,,2021
140,MT,96226,B,29.0,0,,2.43365,1.57204,0.13348,AZUL,899,,,2021
141,MT,117692,A,19.0,0,,2.10164,1.59278,0.09668,AZUL,899,,,2021
142,MT,117731,B,30.0,0,,3.77336,2.88467,0.17343,AZUL,899,,,2021
143,MT,86433,D,26.0,0,,1.67858,0.94544,0.07498,AZUL,899,,,2021
144,MT,39923,D,27.0,0,,3.3336,1.47451,0.06764,AZUL,899,,,2021
145,MT,59925,C,28.0,0,,1.41349,2.47483,0.26937,AZUL,899,,,2021
146,MT,111459,E,28.0,0,,3.23662,1.93237,0.16879,AZUL,899,,,2021
147,MT,84258,C,25.0,0,,1.85811,1.0645,0.1004,AZUL,899,,,2021
148,MT,30751,C,27.0,0,,1.62419,1.46799,0.17131,AZUL,899,,,2021
149,MT,97598,B,24.0,0,,1.91435,1.09123,0.14146,AZUL,899,,,2021
150,MT,15454,C,25.0,0,,2.32415,1.68956,0.10646,AZUL,899,,,2021
151,MT,85219,C,26.0,0,,1.53863,1.95839,0.19274,AZUL,899,,,2021
152,MT,81869,E,21.0,0,,0.38226,4.96788,0.08061,AZUL,899,,,2021
153,MT,117852,C,11.0,0,,2.14382,1.53236,0.18146,AZUL,899,,,2021
154,MT,89238,D,24.0,0,,1.92749,2.43343,0.24023,AZUL,899,,,2021
155,MT,117675,C,18.0,0,,2.23694,1.91314,0.17071,AZUL,899,,,2021
156,MT,67990,A,20.0,0,,1.72104,2.33151,0.16043,AZUL,899,,,2021
157,MT,96222,E,4.0,0,,2.05592,2.38315,0.1479,AZUL,899,,,2021
158,MT,59786,B,16.0,0,,2.1684,2.3852,0.14308,AZUL,899,,,2021
159,MT,88357,A,16.0,0,,2.34295,2.34886,0.13174,AZUL,899,,,2021
160,MT,117902,D,17.0,0,,2.8311,1.0422,0.22906,AZUL,899,,,2021
161,MT,111716,E,15.0,0,,2.68165,2.10496,0.14922,AZUL,899,,,2021
162,MT,88518,A,15.0,0,,2.25826,1.27898,0.13427,AZUL,899,,,2021
163,MT,117831,B,10.0,0,,2.46378,2.21305,0.18781,AZUL,899,,,2021
164,MT,111521,B,22.0,0,,1.02386,0.77599,0.14727,AZUL,899,,,2021
165,MT,117832,D,12.0,0,,2.72456,2.09992,0.08091,AZUL,899,,,2021
166,MT,66618,B,9.0,0,,2.37606,1.82229,0.17489,AZUL,899,,,2021
167,MT,82880,D,14.0,0,,2.15753,1.94018,0.20437,AZUL,899,,,2021
168,MT,117624,E,7.0,0,,1.50255,2.16194,0.08889,AZUL,899,,,2021
169,MT,30420,D,8.0,0,,1.50712,2.23062,0.13965,AZUL,899,,,2021
170,MT,27471,C,8.0,0,,1.45834,2.40851,0.19555,AZUL,899,,,2021
171,MT,88461,E,13.0,0,,2.26058,1.88581,0.08167,AZUL,899,,,2021
172,MT,86767,D,4.0,0,,1.71655,1.49877,0.15898,AZUL,899,,,2021
173,MT,30781,C,4.0,0,,1.44209,1.37865,0.14881,AZUL,899,,,2021
174,MT,83741,C,5.0,0,,1.35014,1.30326,0.25759,AZUL,899,,,2021
175,MT,111476,A,7.0,0,,1.47905,1.59921,0.16153,AZUL,899,,,2021
176,MT,67554,D,1.0,0,,1.68298,1.21252,0.14575,AZUL,899,,,2021
177,MT,37576,D,1.0,0,,2.48037,1.4025,0.20245,AZUL,899,,,2021
178,MT,30836,C,3.0,0,,3.29525,1.21452,0.20483,AZUL,899,,,2021
179,MT,117923,A,2.0,0,,2.75345,1.87459,0.13839,AZUL,899,,,2021
180,MT,24895,B,3.0,0,,1.78096,1.71637,0.13024,AZUL,899,,,2021
136,MT,15209,E,2.0,0,,1.38496,1.73939,0.14078,AZUL,899,,,2021
1,LC,111918,D,8.0,0,,3.71022,0.34919,0.20287,AZUL,1065,0.0,0.0,2022
2,LC,111835,C,7.0,0,,2.64617,0.79049,0.1896,AZUL,1065,0.0,0.0,2022
3,LC,140767,B,6.0,0,,4.34313,0.36871,0.44865,AZUL,1065,0.0,0.0,2022
4,LC,140731,D,5.0,0,,2.88489,0.49591,0.18224,AZUL,1065,0.0,0.0,2022
5,LC,140626,E,6.0,0,,2.55762,0.57348,0.15419,AZUL,1065,0.0,0.0,2022
6,LC,60382,E,25.0,0,,1.77346,0.68047,0.08704,AZUL,1065,,0.0,2022
7,LC,111929,A,22.0,0,,2.15283,1.51639,0.20049,AZUL,1065,,0.0,2022
8,LC,118120,A,23.0,0,,1.53331,2.16698,0.23705,AZUL,1065,,0.0,2022
9,LC,66576,A,24.0,0,,2.66065,-0.7431,0.13295,AZUL,1065,,0.0,2022
10,LC,49544,C,28.0,0,,2.43974,1.15872,0.12513,AZUL,1065,,0.0,2022
11,LC,41810,A,29.0,0,,0.92958,0.15096,0.01173,AZUL,1065,,0.0,2022
12,LC,42674,B,27.0,0,,2.26956,0.51892,0.2337,AZUL,1065,,0.0,2022
13,LC,120622,B,30.0,0,,2.558,0.65099,0.12178,AZUL,1065,,0.0,2022
14,LC,42940,D,22.0,0,,1.30734,-0.29879,0.00797,AZUL,1065,,0.0,2022
15,LC,111926,B,4.0,0,,2.48072,0.89717,0.27108,AZUL,1065,,0.0,2022
16,LC,141427,E,3.0,0,,2.40522,2.28139,0.1137,AZUL,1065,,0.0,2022
17,LC,141464,B,4.0,0,,0.94658,1.25172,0.21415,AZUL,1065,,0.0,2022
18,LC,67229,A,18.0,0,,2.64295,1.76932,0.18786,AZUL,1065,,0.0,2022
19,LC,120124,C,9.0,0,,2.93292,0.03337,0.17638,AZUL,1065,,0.0,2022
20,LC,45201,C,10.0,0,,2.64453,1.04534,0.13269,AZUL,1065,,0.0,2022
21,LC,140827,B,15.0,0,,2.05337,0.67994,0.17382,AZUL,1065,,0.0,2022
22,LC,39101,E,22.0,0,,2.07003,1.19098,0.13567,AZUL,1065,,0.0,2022
23,LC,9716,E,16.0,0,,0.9036,1.48142,0.05685,AZUL,1065,,0.0,2022
24,LC,141440,E,26.0,0,,2.72306,0.13273,0.20082,AZUL,1065,,0.0,2022
25,LC,141203,C,9.0,0,,1.71461,-0.15137,0.18763,AZUL,1065,,0.0,2022
26,LC,96502,C,19.0,0,,1.14926,-0.51604,0.00912,AZUL,1065,,0.0,2022
27,LC,141410,B,21.0,0,,2.62079,0.2007,0.10693,AZUL,1065,,0.0,2022
28,LC,120626,B,20.0,0,,0.82491,0.89707,0.03562,AZUL,1065,,0.0,2022
29,LC,111954,D,15.0,0,,0.78612,1.19878,0.06459,AZUL,1065,,0.0,2022
30,LC,26545,C,15.0,0,,4.15101,1.348,0.0928,AZUL,1065,,0.0,2022
31,LC,89149,A,16.0,0,,1.05565,0.45772,0.03348,AZUL,1065,,0.0,2022
32,LC,44570,A,3.0,0,,1.04632,0.65812,0.23788,AZUL,1065,,0.0,2022
33,LC,86703,A,1.0,0,,2.08922,0.96392,0.23742,AZUL,1065,,0.0,2022
34,LC,119767,D,11.0,0,,2.11177,-0.55865,0.18565,AZUL,1065,,0.0,2022
35,LC,140898,C,1.0,0,,1.69478,2.32558,0.16355,AZUL,1065,,0.0,2022
36,LC,111961,C,2.0,0,,1.6838,0.70642,0.29621,AZUL,1065,,0.0,2022
37,LC,141390,A,30.0,0,,1.54579,-0.30477,0.00839,AZUL,1065,,0.0,2022
38,LC,120368,B,12.0,0,,3.46434,2.20555,0.0675,AZUL,1065,,0.0,2022
39,LC,54528,E,13.0,0,,2.90825,2.05309,0.10359,AZUL,1065,,0.0,2022
40,LC,6864,D,16.0,0,,0.57225,0.0979,0.01556,AZUL,1065,,0.0,2022
41,LC,10776,B,17.0,0,,1.35922,-0.10494,0.00701,AZUL,1065,,0.0,2022
42,LC,90238,D,17.0,0,,1.32058,0.69547,0.07827,AZUL,1065,,0.0,2022
43,LC,78112,E,17.0,0,,0.76335,0.46065,0.00865,AZUL,1065,,0.0,2022
44,LC,81994,C,12.0,0,,0.91022,0.76591,0.01172,AZUL,1065,,0.0,2022
45,LC,141261,E,14.0,0,,2.31367,0.48334,0.18144,AZUL,1065,,0.0,2022
46,CH,140506,D,26.0,0,,0.98121,1.34897,0.06218,AZUL,1055,,0.0,2022
47,CH,83806,E,24.0,0,,1.98269,0.65728,0.08702,AZUL,1055,,0.0,2022
48,CH,141322,A,24.0,0,,2.8995,-0.42411,0.19356,AZUL,1055,,0.0,2022
49,CH,140639,B,30.0,0,,2.71371,0.59055,0.19782,AZUL,1055,,0.0,2022
50,CH,140682,E,27.0,0,,1.88815,1.59325,0.13196,AZUL,1055,,0.0,2022
51,CH,87207,E,17.0,0,,4.79392,1.19623,0.12998,AZUL,1055,,0.0,2022
52,CH,88045,D,18.0,0,,3.62371,0.51644,0.275,AZUL,1055,,0.0,2022
53,CH,140568,A,21.0,0,,1.48568,0.87454,0.17248,AZUL,1055,,0.0,2022
54,CH,125706,E,25.0,0,,0.5628,2.08511,0.00958,AZUL,1055,,0.0,2022
55,CH,140631,B,28.0,0,,1.57605,2.33974,0.25072,AZUL,1055,,0.0,2022
56,CH,141364,A,20.0,0,,1.83281,-0.1754,0.04287,AZUL,1055,,0.0,2022
57,CH,141355,A,23.0,0,,2.81233,1.85756,0.17604,AZUL,1055,,0.0,2022
58,CH,125654,E,14.0,0,,1.49576,0.47561,0.01589,AZUL,1055,,0.0,2022
59,CH,118066,C,19.0,0,,1.933,0.69054,0.17203,AZUL,1055,,0.0,2022
60,CH,140429,B,20.0,0,,2.16917,0.75171,0.18087,AZUL,1055,,0.0,2022
61,CH,141030,E,16.0,0,,3.15825,0.30776,0.14196,AZUL,1055,,0.0,2022
62,CH,140585,C,9.0,0,,2.18434,1.60479,0.16086,AZUL,1055,,0.0,2022
63,CH,112145,B,11.0,0,,0.47387,2.25057,0.00901,AZUL,1055,,0.0,2022
65,CH,141048,B,22.0,0,,1.63923,-0.72645,0.00905,AZUL,1055,,0.0,2022
66,CH,140914,C,14.0,0,,0.85459,2.13235,0.12367,AZUL,1055,,0.0,2022
67,CH,141148,D,10.0,0,,3.48759,0.79822,0.18644,AZUL,1055,,0.0,2022
68,CH,111964,D,7.0,0,,2.81132,0.5445,0.20515,AZUL,1055,,0.0,2022
69,CH,82962,A,15.0,0,,1.7267,1.34237,0.16873,AZUL,1055,,0.0,2022
70,CH,97262,A,15.0,0,,1.46058,-0.44013,0.20483,AZUL,1055,,0.0,2022
71,CH,44230,A,23.0,0,,2.73837,0.8616,0.21624,AZUL,1055,,0.0,2022
72,CH,141384,D,18.0,0,,3.39376,1.05605,0.15958,AZUL,1055,,0.0,2022
73,CH,75825,B,13.0,0,,2.34384,0.97017,0.12421,AZUL,1055,,0.0,2022
74,CH,118110,C,6.0,0,,2.22329,1.79851,0.25237,AZUL,1055,,0.0,2022
75,CH,140721,E,5.0,0,,0.81842,0.92559,0.02544,AZUL,1055,,0.0,2022
76,CH,140441,D,29.0,0,,1.76207,1.31972,0.21908,AZUL,1055,,0.0,2022
77,CH,140550,A,27.0,0,,3.5293,0.41127,0.19018,AZUL,1055,,0.0,2022
78,CH,67980,E,6.0,0,,4.03907,1.33056,0.05942,AZUL,1055,,0.0,2022
79,CH,140378,A,5.0,0,,2.1636,0.57483,0.15916,AZUL,1055,,0.0,2022
80,CH,95823,C,3.0,0,,1.30094,0.82448,0.0937,AZUL,1055,,0.0,2022
81,CH,95739,D,12.0,0,,4.24795,0.96273,0.16049,AZUL,1055,,0.0,2022
82,CH,140643,B,6.0,0,,2.21197,1.4236,0.21778,AZUL,1055,,0.0,2022
83,CH,141072,B,8.0,0,,2.78275,0.64418,0.18557,AZUL,1055,,0.0,2022
84,CH,111893,C,3.0,0,,0.56617,1.5801,0.03472,AZUL,1055,,0.0,2022
85,CH,125944,D,4.0,0,,1.69059,0.29126,0.1166,AZUL,1055,,0.0,2022
86,CH,96291,C,1.0,0,,2.9037,1.66082,0.10307,AZUL,1055,,0.0,2022
87,CH,140572,B,19.0,0,,2.46583,0.73772,0.17053,AZUL,1055,,0.0,2022
88,CH,96516,E,2.0,0,,1.96743,2.20588,0.08863,AZUL,1055,,0.0,2022
89,CH,140190,C,5.0,0,,1.94428,0.27387,0.14788,AZUL,1055,,0.0,2022
90,CH,111984,A,3.0,0,,1.90716,1.36087,0.22521,AZUL,1055,,0.0,2022
91,CN,141574,A,27.0,0,,0.69982,1.45358,0.03441,AZUL,1085,,0.0,2022
92,CN,18228,D,30.0,0,,1.95358,1.46498,0.11246,AZUL,1085,,0.0,2022
93,CN,111668,B,23.0,0,,1.98964,1.87763,0.19415,AZUL,1085,,0.0,2022
94,CN,111694,A,27.0,0,,2.07884,2.23408,0.17191,AZUL,1085,,0.0,2022
95,CN,111558,D,21.0,0,,3.29206,1.65709,0.14008,AZUL,1085,,0.0,2022
96,CN,81969,A,21.0,0,,2.00512,1.35453,0.16882,AZUL,1085,,0.0,2022
97,CN,141597,B,26.0,0,,2.13571,1.60964,0.14865,AZUL,1085,,0.0,2022
98,CN,141725,E,29.0,0,,1.82114,1.93167,0.06674,AZUL,1085,,0.0,2022
99,CN,41054,A,28.0,0,,1.2012,0.97602,0.22536,AZUL,1085,,0.0,2022
100,CN,90130,B,20.0,0,,1.73494,2.08841,0.27619,AZUL,1085,,0.0,2022
101,CN,31381,C,26.0,0,,1.75013,1.52509,0.16155,AZUL,1085,,0.0,2022
102,CN,141731,E,29.0,0,,1.52512,3.19204,0.11283,AZUL,1085,,0.0,2022
103,CN,85445,E,20.0,0,,4.44898,1.4048,0.15587,AZUL,1085,,0.0,2022
104,CN,97727,E,18.0,0,,2.35097,1.00991,0.30639,AZUL,1085,,0.0,2022
105,CN,28034,A,18.0,0,,1.51222,1.41874,0.14908,AZUL,1085,,0.0,2022
106,CN,97915,C,24.0,0,,2.39896,2.76588,0.1897,AZUL,1085,,0.0,2022
107,CN,85860,C,24.0,0,,5.31621,2.04288,0.17088,AZUL,1085,,0.0,2022
108,CN,44969,B,25.0,0,,3.07166,1.89127,0.25272,AZUL,1085,,0.0,2022
109,CN,96189,D,22.0,0,,2.54149,1.20769,0.21012,AZUL,1085,,0.0,2022
110,CN,141712,D,16.0,0,,1.87507,0.91052,0.15109,AZUL,1085,,0.0,2022
111,CN,43073,A,17.0,0,,1.48588,0.96735,0.24215,AZUL,1085,,0.0,2022
114,CN,117854,C,15.0,0,,3.55169,1.49398,0.20257,AZUL,1085,,0.0,2022
115,CN,141545,B,12.0,0,,2.33494,1.44802,0.20932,AZUL,1085,,0.0,2022
116,CN,78377,B,6.0,0,,0.60239,2.40137,0.12017,AZUL,1085,,0.0,2022
117,CN,97761,C,17.0,0,,0.8924,1.01697,0.29789,AZUL,1085,,0.0,2022
118,CN,78716,C,14.0,0,,2.02681,0.56741,0.2452,AZUL,1085,,0.0,2022
120,CN,96244,E,15.0,0,,5.67249,1.52791,0.14273,AZUL,1085,,0.0,2022
121,CN,37769,B,14.0,0,,1.78429,2.50062,0.27071,AZUL,1085,,0.0,2022
122,CN,141726,A,11.0,0,,1.68577,1.10708,0.12014,AZUL,1085,,0.0,2022
123,CN,87998,E,3.0,0,,2.14355,1.77912,0.08867,AZUL,1085,,0.0,2022
124,CN,141547,B,10.0,0,,1.90673,1.4644,0.34041,AZUL,1085,,0.0,2022
125,CN,98106,E,13.0,0,,2.46518,1.46748,0.06515,AZUL,1085,,0.0,2022
126,CN,83901,B,8.0,0,,0.40583,2.51676,0.00918,AZUL,1085,,0.0,2022
127,CN,111431,E,9.0,0,,3.48192,1.70426,0.15448,AZUL,1085,,0.0,2022
128,CN,111613,A,2.0,0,,3.25053,1.20513,0.08404,AZUL,1085,,0.0,2022
129,CN,28632,C,9.0,0,,1.99451,1.78678,0.12762,AZUL,1085,,0.0,2022
130,CN,126560,C,22.0,0,,2.41581,0.78824,0.19317,AZUL,1085,,0.0,2022
131,CN,141503,C,3.0,0,,2.86161,0.4948,0.1606,AZUL,1085,,0.0,2022
132,CN,88655,D,4.0,0,,3.82953,0.85524,0.11511,AZUL,1085,,0.0,2022
133,CN,31313,D,2.0,0,,1.71131,1.42364,0.1615,AZUL,1085,,0.0,2022
135,CN,82765,E,1.0,0,,0.98394,1.03388,0.00428,AZUL,1085,,0.0,2022
136,MT,97590,E,25.0,0,,2.33252,2.40899,0.14217,AZUL,1075,,0.0,2022
137,MT,86840,C,28.0,0,,0.24441,4.65334,0.03228,AZUL,1075,,0.0,2022
138,MT,30493,D,27.0,0,,0.80375,2.27556,0.12859,AZUL,1075,,0.0,2022
139,MT,117973,A,11.0,0,,1.87291,2.86025,0.18347,AZUL,1075,,0.0,2022
140,MT,10500,B,3.0,0,,1.57712,3.30111,0.16855,AZUL,1075,,0.0,2022
142,MT,86499,B,5.0,0,,2.93676,3.33565,0.21207,AZUL,1075,,0.0,2022
143,MT,5961,D,7.0,0,,0.9032,2.45135,0.1617,AZUL,1075,,0.0,2022
144,MT,75829,C,1.0,0,,1.18017,1.92189,0.16856,AZUL,1075,,0.0,2022
145,MT,117651,E,18.0,0,,0.51115,2.58401,0.0088,AZUL,1075,,0.0,2022
146,MT,95509,E,21.0,0,,2.27997,2.41531,0.11329,AZUL,1075,,0.0,2022
147,MT,117820,C,17.0,0,,0.48694,4.48651,0.14739,AZUL,1075,,0.0,2022
148,MT,61248,D,15.0,0,,2.61757,2.2515,0.1851,AZUL,1075,,0.0,2022
149,MT,111738,B,27.0,0,,2.64614,2.2135,0.24887,AZUL,1075,,0.0,2022
150,MT,85343,D,22.0,0,,2.13479,3.22198,0.12748,AZUL,1075,,0.0,2022
151,MT,30053,C,17.0,0,,1.73381,2.02109,0.14967,AZUL,1075,,0.0,2022
152,MT,85228,C,18.0,0,,2.1343,3.73781,0.24053,AZUL,1075,,0.0,2022
153,MT,86466,C,14.0,0,,2.96283,2.44795,0.21497,AZUL,1075,,0.0,2022
154,MT,43182,C,3.0,0,,2.19381,1.56693,0.1302,AZUL,1075,,0.0,2022
155,MT,47309,B,2.0,0,,0.92146,2.16924,0.15718,AZUL,1075,,0.0,2022
156,MT,63646,C,7.0,0,,0.79395,2.40685,0.1129,AZUL,1075,,0.0,2022
158,MT,53461,C,23.0,0,,2.67778,2.3731,0.20523,AZUL,1075,,0.0,2022
159,MT,85013,B,2.0,0,,2.17147,2.5423,0.1841,AZUL,1075,,0.0,2022
160,MT,8364,A,6.0,0,,0.89111,2.43206,0.25086,AZUL,1075,,0.0,2022
161,MT,28683,A,11.0,0,,3.13149,2.33341,0.21903,AZUL,1075,,0.0,2022
162,MT,111516,C,24.0,0,,1.82335,1.38103,0.13879,AZUL,1075,,0.0,2022
163,MT,32369,D,30.0,0,,3.12341,2.40384,0.16659,AZUL,1075,,0.0,2022
164,MT,117877,B,12.0,0,,2.65709,1.6446,0.20086,AZUL,1075,,0.0,2022
165,MT,82581,A,10.0,0,,1.90672,2.301,0.10655,AZUL,1075,,0.0,2022
166,MT,31516,A,20.0,0,,1.50662,1.77699,0.15235,AZUL,1075,,0.0,2022
167,MT,68369,A,4.0,0,,2.57245,1.58603,0.10176,AZUL,1075,,0.0,2022
168,MT,10322,C,6.0,0,,1.53551,0.94716,0.1917,AZUL,1075,,0.0,2022
169,MT,63204,E,9.0,0,,3.78296,1.88956,0.14444,AZUL,1075,,0.0,2022
170,MT,68123,B,26.0,0,,2.18973,1.32978,0.04601,AZUL,1075,,0.0,2022
171,MT,96315,A,29.0,0,,1.69166,0.87454,0.20606,AZUL,1075,,0.0,2022
172,MT,117742,B,13.0,0,,0.65574,2.58862,0.1651,AZUL,1075,,0.0,2022
173,MT,30327,D,25.0,0,,2.81078,0.63977,0.16335,AZUL,1075,,0.0,2022
174,MT,14797,D,8.0,0,,2.93886,2.57768,0.12028,AZUL,1075,,0.0,2022
175,MT,60441,E,1.0,0,,1.42701,-0.02398,0.11013,AZUL,1075,,0.0,2022
176,MT,117886,D,9.0,0,,0.4443,6.27505,0.1251,AZUL,1075,,0.0,2022
177,MT,95676,A,26.0,0,,1.32325,0.64802,0.18728,AZUL,1075,,0.0,2022
178,MT,19807,E,12.0,0,,4.1583,2.56697,0.06542,AZUL,1075,,0.0,2022
179,MT,85588,B,24.0,0,,2.30031,0.46698,0.25799,AZUL,1075,,0.0,2022
180,MT,10409,E,6.0,0,,1.66982,2.03629,0.24595,AZUL,1075,,0.0,2022
